"id","name","default_code","standard_price","categ_id","type","is_storable","purchase_ok","sale_ok","uom_id/id","uom_po_id/id","list_price","purchase_method","description_purchase"
"mat001","Estantería metálica de bodega 5 niveles","QMM0001","1250","All / Materiales de sucursal","consu","True","True","False","uom.product_uom_unit","uom.product_uom_unit","0","receive","Estructura de 180 x 90 x 40 cm para almacenamiento de insumos."
"mat002","Estantería central de doble cara","QMM0002","2850","All / Materiales de sucursal","consu","True","True","False","uom.product_uom_unit","uom.product_uom_unit","0","receive","Estantería de 180 x 100 cm para colocar productos a ambos lados del pasillo."
"mat003","Estante de pared 4 niveles","QMM0003","1650","All / Materiales de sucursal","consu","True","True","False","uom.product_uom_unit","uom.product_uom_unit","0","receive","Estante de 180 x 90 cm para colocar productos junto a una pared."
"mat004","Mostrador para caja con cajón","QMM0004","2200","All / Materiales de sucursal","consu","True","True","False","uom.product_uom_unit","uom.product_uom_unit","0","receive","Mostrador de 120 cm para el área de cobro."
"mat005","Mesa de acero para recepción de mercancía","QMM0005","1450","All / Materiales de sucursal","consu","True","True","False","uom.product_uom_unit","uom.product_uom_unit","0","receive","Mesa de 150 x 70 cm para revisión de mercancía recibida."
"mat006","Gabinete metálico de almacenamiento","QMM0006","1180","All / Materiales de sucursal","consu","True","True","False","uom.product_uom_unit","uom.product_uom_unit","0","receive","Gabinete de dos puertas con cerradura para insumos."
"mat007","Casillero metálico de 6 compartimientos","QMM0007","1850","All / Materiales de sucursal","consu","True","True","False","uom.product_uom_unit","uom.product_uom_unit","0","receive","Casillero con puertas para guardar pertenencias del personal."
"mat008","Silla ajustable para caja","QMM0008","480","All / Materiales de sucursal","consu","True","True","False","uom.product_uom_unit","uom.product_uom_unit","0","receive","Silla de altura ajustable para el personal de caja."
"mat009","Tarima plástica industrial 120 x 100 cm","QMM0009","420","All / Materiales de sucursal","consu","True","True","False","uom.product_uom_unit","uom.product_uom_unit","0","receive","Tarima reutilizable para almacenamiento en bodega."
"mat010","Caja plástica apilable 60 L","QMM0010","165","All / Materiales de sucursal","consu","True","True","False","uom.product_uom_unit","uom.product_uom_unit","0","receive","Caja reforzada para organizar materiales en bodega."
"mat011","Carrito de supermercado 100 L","QMM0011","1350","All / Materiales de sucursal","consu","True","True","False","uom.product_uom_unit","uom.product_uom_unit","0","receive","Carrito metálico con asiento infantil para uso de clientes."
"mat012","Canasta de compras con asas 28 L","QMM0012","85","All / Materiales de sucursal","consu","True","True","False","uom.product_uom_unit","uom.product_uom_unit","0","receive","Canasta plástica para uso de clientes dentro de la tienda."
"mat013","Canasta de compras con ruedas 45 L","QMM0013","210","All / Materiales de sucursal","consu","True","True","False","uom.product_uom_unit","uom.product_uom_unit","0","receive","Canasta plástica de arrastre para uso en pasillos."
"mat014","Carretilla de carga plegable 150 kg","QMM0014","620","All / Materiales de sucursal","consu","True","True","False","uom.product_uom_unit","uom.product_uom_unit","0","receive","Carretilla manual para traslado de cajas."
"mat015","Carro de plataforma para bodega 300 kg","QMM0015","1150","All / Materiales de sucursal","consu","True","True","False","uom.product_uom_unit","uom.product_uom_unit","0","receive","Carro de cuatro ruedas para traslado interno de mercancía."
"mat016","Carro hidráulico para tarimas 2500 kg","QMM0016","3450","All / Materiales de sucursal","consu","True","True","False","uom.product_uom_unit","uom.product_uom_unit","0","receive","Carro manual con elevación hidráulica para mover tarimas en bodega."
"mat017","Rueda giratoria para carrito 100 mm","QMM0017","48","All / Materiales de sucursal","consu","True","True","False","uom.product_uom_unit","uom.product_uom_unit","0","receive","Rueda de repuesto para mantenimiento de carritos."
"mat018","Rueda fija para carrito 100 mm","QMM0018","42","All / Materiales de sucursal","consu","True","True","False","uom.product_uom_unit","uom.product_uom_unit","0","receive","Rueda de repuesto para mantenimiento de carritos."
"mat019","Asa de repuesto para canasta 28 L","QMM0019","18","All / Materiales de sucursal","consu","True","True","False","uom.product_uom_unit","uom.product_uom_unit","0","receive","Asa plástica compatible con las canastas de compras."
"mat020","Protector plástico para carrito 100 L","QMM0020","35","All / Materiales de sucursal","consu","True","True","False","uom.product_uom_unit","uom.product_uom_unit","0","receive","Banda plástica de repuesto para proteger los bordes del carrito."
"mat021","Papel térmico para caja 80 x 80 mm","QMM0021","12.5","All / Materiales de sucursal","consu","True","True","False","uom.product_uom_unit","uom.product_uom_unit","0","receive","Rollo para impresión de recibos en cajas."
"mat022","Papel térmico para pago con tarjeta 57 x 40 mm","QMM0022","4.5","All / Materiales de sucursal","consu","True","True","False","uom.product_uom_unit","uom.product_uom_unit","0","receive","Rollo para imprimir comprobantes en máquinas de pago con tarjeta."
"mat023","Etiquetas adhesivas 50 x 30 mm, rollo 1000 unidades","QMM0023","45","All / Materiales de sucursal","consu","True","True","False","uom.product_uom_unit","uom.product_uom_unit","0","receive","Rollo de 1000 etiquetas para identificar precios y materiales."
"mat024","Soporte plástico para etiquetas de precio 100 cm","QMM0024","22","All / Materiales de sucursal","consu","True","True","False","uom.product_uom_unit","uom.product_uom_unit","0","receive","Tira plástica transparente para sostener etiquetas de precio en estantes."
"mat025","Etiquetas de precio para estantes, paquete 100","QMM0025","15","All / Materiales de sucursal","consu","True","True","False","uom.product_uom_unit","uom.product_uom_unit","0","receive","Paquete de 100 tarjetas de cartulina para mostrar precios."
"mat026","Bolsas biodegradables medianas, paquete 100","QMM0026","38","All / Materiales de sucursal","consu","True","True","False","uom.product_uom_unit","uom.product_uom_unit","0","receive","Paquete para empaque de compras en caja."
"mat027","Bolsas biodegradables grandes, paquete 100","QMM0027","58","All / Materiales de sucursal","consu","True","True","False","uom.product_uom_unit","uom.product_uom_unit","0","receive","Paquete para empaque de compras voluminosas en caja."
"mat028","Plástico para envolver tarimas 50 cm, rollo 2 kg","QMM0028","85","All / Materiales de sucursal","consu","True","True","False","uom.product_uom_unit","uom.product_uom_unit","0","receive","Rollo de plástico estirable para asegurar cajas sobre tarimas."
"mat029","Cinta de empaque 48 mm x 100 m","QMM0029","14","All / Materiales de sucursal","consu","True","True","False","uom.product_uom_unit","uom.product_uom_unit","0","receive","Rollo para cierre de cajas de traslado entre sucursales."
"mat030","Señal de piso mojado plegable","QMM0030","75","All / Materiales de sucursal","consu","True","True","False","uom.product_uom_unit","uom.product_uom_unit","0","receive","Señal preventiva para áreas de limpieza."
"mat031","Camisa polo para personal de caja, talla M","QMM0031","85","All / Materiales de sucursal","consu","True","True","False","uom.product_uom_unit","uom.product_uom_unit","0","receive","Camisa azul para uniforme del personal de atención."
"mat032","Camisa polo para personal de caja, talla L","QMM0032","85","All / Materiales de sucursal","consu","True","True","False","uom.product_uom_unit","uom.product_uom_unit","0","receive","Camisa azul para uniforme del personal de atención."
"mat033","Camisa polo para personal de caja, talla XL","QMM0033","90","All / Materiales de sucursal","consu","True","True","False","uom.product_uom_unit","uom.product_uom_unit","0","receive","Camisa azul para uniforme del personal de atención."
"mat034","Chaleco reflectivo para bodega, talla L","QMM0034","65","All / Materiales de sucursal","consu","True","True","False","uom.product_uom_unit","uom.product_uom_unit","0","receive","Chaleco de alta visibilidad para recepción y bodega."
"mat035","Delantal de trabajo ajustable","QMM0035","45","All / Materiales de sucursal","consu","True","True","False","uom.product_uom_unit","uom.product_uom_unit","0","receive","Delantal resistente para personal de limpieza y apoyo."
"mat036","Guantes desechables para limpieza, talla M, caja 100","QMM0036","55","All / Materiales de sucursal","consu","True","True","False","uom.product_uom_unit","uom.product_uom_unit","0","receive","Caja de 100 guantes de nitrilo para tareas de limpieza."
"mat037","Guantes de trabajo antideslizantes, par","QMM0037","28","All / Materiales de sucursal","consu","True","True","False","uom.product_uom_unit","uom.product_uom_unit","0","receive","Par de guantes con recubrimiento para sujetar cajas en bodega."
"mat038","Botas de seguridad punta de acero, talla 40","QMM0038","295","All / Materiales de sucursal","consu","True","True","False","uom.product_uom_unit","uom.product_uom_unit","0","receive","Par de botas para personal de recepción y bodega."
"mat039","Lentes de protección transparentes","QMM0039","25","All / Materiales de sucursal","consu","True","True","False","uom.product_uom_unit","uom.product_uom_unit","0","receive","Lentes para tareas de mantenimiento de sucursales."
"mat040","Faja ajustable para bodega, talla L","QMM0040","95","All / Materiales de sucursal","consu","True","True","False","uom.product_uom_unit","uom.product_uom_unit","0","receive","Faja de trabajo para uso del personal de bodega."
"mat041","Detergente líquido para pisos 5 L","QMM0041","68","All / Materiales de sucursal","consu","True","True","False","uom.product_uom_unit","uom.product_uom_unit","0","receive","Envase para limpieza de pisos de la sucursal."
"mat042","Desinfectante concentrado 5 L","QMM0042","82","All / Materiales de sucursal","consu","True","True","False","uom.product_uom_unit","uom.product_uom_unit","0","receive","Envase para limpieza de superficies de la sucursal."
"mat043","Cloro de limpieza 5 L","QMM0043","38","All / Materiales de sucursal","consu","True","True","False","uom.product_uom_unit","uom.product_uom_unit","0","receive","Envase de 5 litros para tareas de limpieza de la sucursal."
"mat044","Desengrasante industrial 5 L","QMM0044","95","All / Materiales de sucursal","consu","True","True","False","uom.product_uom_unit","uom.product_uom_unit","0","receive","Envase para limpieza de superficies de trabajo."
"mat045","Limpiavidrios 5 L","QMM0045","62","All / Materiales de sucursal","consu","True","True","False","uom.product_uom_unit","uom.product_uom_unit","0","receive","Envase de 5 litros para limpiar vitrinas y ventanas."
"mat046","Jabón líquido para dispensador 5 L","QMM0046","75","All / Materiales de sucursal","consu","True","True","False","uom.product_uom_unit","uom.product_uom_unit","0","receive","Envase de recarga para lavamanos del personal y clientes."
"mat047","Escoba industrial de cerdas rígidas","QMM0047","48","All / Materiales de sucursal","consu","True","True","False","uom.product_uom_unit","uom.product_uom_unit","0","receive","Escoba de 40 cm para limpieza de áreas de bodega."
"mat048","Trapeador de algodón con mango","QMM0048","58","All / Materiales de sucursal","consu","True","True","False","uom.product_uom_unit","uom.product_uom_unit","0","receive","Trapeador con cabezal de algodón de 500 g para limpiar pisos."
"mat049","Cubeta con escurridor para trapeador 20 L","QMM0049","245","All / Materiales de sucursal","consu","True","True","False","uom.product_uom_unit","uom.product_uom_unit","0","receive","Cubeta de 20 litros con escurridor para limpieza de pisos."
"mat050","Paños de microfibra, paquete 12","QMM0050","55","All / Materiales de sucursal","consu","True","True","False","uom.product_uom_unit","uom.product_uom_unit","0","receive","Paquete para limpieza de cajas, estantes y superficies."
"mat051","Taladro eléctrico 650 W","QMM0051","480","All / Materiales de sucursal","consu","True","True","False","uom.product_uom_unit","uom.product_uom_unit","0","receive","Taladro para instalar y reparar muebles y accesorios."
"mat052","Juego de destornilladores, 6 piezas","QMM0052","75","All / Materiales de sucursal","consu","True","True","False","uom.product_uom_unit","uom.product_uom_unit","0","receive","Juego para mantenimiento de equipos y mobiliario."
"mat053","Llave ajustable de 10 pulgadas","QMM0053","58","All / Materiales de sucursal","consu","True","True","False","uom.product_uom_unit","uom.product_uom_unit","0","receive","Herramienta para reparaciones y ajustes en la sucursal."
"mat054","Martillo de uña de 16 onzas","QMM0054","45","All / Materiales de sucursal","consu","True","True","False","uom.product_uom_unit","uom.product_uom_unit","0","receive","Herramienta para mantenimiento general."
"mat055","Cinta métrica de 5 m","QMM0055","32","All / Materiales de sucursal","consu","True","True","False","uom.product_uom_unit","uom.product_uom_unit","0","receive","Herramienta para medición de espacios y mobiliario."
"mat056","Escalera de aluminio de 6 escalones","QMM0056","650","All / Materiales de sucursal","consu","True","True","False","uom.product_uom_unit","uom.product_uom_unit","0","receive","Escalera para reponer productos y realizar mantenimiento."
"mat057","Tornillos y tarugos 6 mm, paquete 100 pares","QMM0057","42","All / Materiales de sucursal","consu","True","True","False","uom.product_uom_unit","uom.product_uom_unit","0","receive","Paquete de 100 tornillos con sus tarugos para fijar accesorios y señales a la pared."
"mat058","Bombillo LED 18 W","QMM0058","38","All / Materiales de sucursal","consu","True","True","False","uom.product_uom_unit","uom.product_uom_unit","0","receive","Bombillo de repuesto para iluminación de áreas de trabajo."
"mat059","Extensión eléctrica de trabajo 10 m","QMM0059","125","All / Materiales de sucursal","consu","True","True","False","uom.product_uom_unit","uom.product_uom_unit","0","receive","Extensión para equipos de mantenimiento."
"mat060","Multitoma eléctrica con protección, 6 enchufes","QMM0060","85","All / Materiales de sucursal","consu","True","True","False","uom.product_uom_unit","uom.product_uom_unit","0","receive","Multitoma para conectar equipos del área de caja."
