"id","name","company_type","ref","country_id/id","email","supplier_rank","comment","street","city","phone"
"prv001","Distribuidora Maya Alimentos, S.A.","company","PRV001","base.gt","ventas.maya@example.com","1","Distribución de granos básicos y abarrotes al por mayor.","Calzada Roosevelt 22-43, Zona 11","Ciudad de Guatemala","+502 2473 6812"
"prv002","Bebidas del Pacífico, S.A.","company","PRV002","base.gt","pedidos.bebidaspacifico@example.com","1","Suministro de agua embotellada, jugos y bebidas gaseosas.","Km 14.5 Carretera al Pacífico","Villa Nueva","+502 6631 4278"
"prv003","Limpieza Total Centroamérica, S.A. de C.V.","company","PRV003","base.sv","ventas.limpiezatotal@example.com","1","Suministro de detergentes, desinfectantes y utensilios de limpieza.","Boulevard del Ejército Km 7","Soyapango","+503 2294 6815"
"prv004","Empaques y Plásticos del Norte, S.A. de C.V.","company","PRV004","base.mx","pedidos.empaquesnorte@example.com","1","Bolsas biodegradables, recipientes y empaques comerciales.","Av. Constitución 1450","Monterrey","+52 81 8342 7618"
"prv005","Suministros Comerciales Quetzal, S.A.","company","PRV005","base.gt","ventas.suministrosquetzal@example.com","1","Papel térmico, etiquetas de precio, uniformes y canastas.","6a. Avenida 3-15, Zona 9","Ciudad de Guatemala","+502 2334 7916"
"prv006","Equipamiento Comercial del Altiplano, S.A.","company","PRV006","base.gt","ventas.equipamientoaltiplano@example.com","1","Equipos para cajas y accesorios de exhibición comercial.","7a. Avenida 12-46, Zona 3","Quetzaltenango","+502 7763 4281"
"prv007","Estanterías y Mobiliario Centroamericano, S.A.","company","PRV007","base.gt","cotizaciones.estanterias@example.com","1","Estanterías metálicas, anaqueles y mobiliario de bodega.","18 Calle 4-72, Zona 12","Ciudad de Guatemala","+502 2442 6837"
"prv008","Soluciones Térmicas del Sur, S.A.","company","PRV008","base.gt","ventas.termicasdelsur@example.com","1","Refrigeradores comerciales y repuestos para conservación de alimentos.","Avenida Las Américas 8-35, Zona 9","Quetzaltenango","+502 7767 3194"
"prv009","Textiles y Uniformes del Quetzal, S.A.","company","PRV009","base.gt","pedidos.uniformesquetzal@example.com","1","Uniformes para cajas, bodega y personal de atención al cliente.","4a. Calle 6-28, Zona 1","Chimaltenango","+502 7839 4627"
"prv010","Etiquetas y Señalización Maya, S.A.","company","PRV010","base.gt","ventas.etiquetasmaya@example.com","1","Etiquetas adhesivas y señalización para góndolas y pasillos.","10a. Avenida 7-54, Zona 7","Ciudad de Guatemala","+502 2439 7156"
"prv011","Carritos y Canastas del Istmo, S.A. de C.V.","company","PRV011","base.sv","pedidos.carritosistmo@example.com","1","Carritos de supermercado, canastas y repuestos de ruedas.","Calle El Progreso 218, Colonia Flor Blanca","San Salvador","+503 2250 7348"
"prv012","Seguridad Industrial Cuzcatlán, S.A. de C.V.","company","PRV012","base.sv","ventas.seguridadcuzcatlan@example.com","1","Guantes, chalecos reflectivos y equipo de protección personal.","Calle El Mirador 642, Colonia Escalón","San Salvador","+503 2264 8193"
"prv013","Ferretería Comercial del Norte, S.A. de C.V.","company","PRV013","base.mx","ventas.ferreterianorte@example.com","1","Herramientas, tornillería y accesorios para mantenimiento de sucursales.","Av. Félix U. Gómez 1826, Colonia Obrera","Monterrey","+52 81 8354 6927"
"prv014","Papelería y Consumibles Azteca, S.A. de C.V.","company","PRV014","base.mx","pedidos.papeleriaazteca@example.com","1","Papelería de oficina, consumibles de impresión y rollos térmicos.","Calle Dr. Lavista 126, Colonia Doctores","Ciudad de México","+52 55 5578 4316"
"prv015","Herramientas y Mantenimiento del Valle, S.A. de C.V.","company","PRV015","base.mx","ventas.herramientasvalle@example.com","1","Herramientas manuales y suministros de mantenimiento general.","Av. 16 de Septiembre 738, Colonia Centro","Guadalajara","+52 33 3614 8279"
