"id","image_1920"
"mat001","estanteria_metalica.png"
"mat002","estanteria_doble_cara.png"
"mat003","estante_pared.png"
"mat004","mostrador_caja.png"
"mat005","mesa_acero.png"
"mat006","gabinete_metalico.png"
"mat007","casillero_metalico.png"
"mat008","silla_caja.png"
"mat009","tarima_plastica.png"
"mat010","caja_apilable.png"
"mat011","carrito_supermercado.png"
"mat012","canasta_asas.png"
"mat013","canasta_ruedas.png"
"mat014","carretilla_plegable.png"
"mat015","carro_plataforma.png"
"mat016","carro_hidraulico.png"
"mat017","rueda_giratoria.png"
"mat018","rueda_fija.png"
"mat019","asa_canasta.png"
"mat020","protector_carrito.png"
"mat021","papel_termico_caja.png"
"mat022","papel_termico_tarjeta.png"
"mat023","etiquetas_adhesivas.png"
"mat024","soporte_etiquetas.png"
"mat025","etiquetas_precios.png"
"mat026","bolsas_medianas.png"
"mat027","bolsas_grandes.png"
"mat028","plastico_tarimas.png"
"mat029","cinta_empaque.png"
"mat030","senal_piso_mojado.png"
"mat031","camisa_polo_mediana.png"
"mat032","camisa_polo_grande.png"
"mat033","camisa_polo_extra_grande.png"
"mat034","chaleco_reflectivo.png"
"mat035","delantal_trabajo.png"
"mat036","guantes_desechables.png"
"mat037","guantes_trabajo.png"
"mat038","botas_seguridad.png"
"mat039","lentes_proteccion.png"
"mat040","faja_bodega.png"
"mat041","detergente_pisos.png"
"mat042","desinfectante.png"
"mat043","cloro.png"
"mat044","desengrasante.png"
"mat045","limpiavidrios.png"
"mat046","jabon_liquido.png"
"mat047","escoba_industrial.png"
"mat048","trapeador_algodon.png"
"mat049","cubeta_escurridor.png"
"mat050","panos_microfibra.png"
"mat051","taladro.png"
"mat052","destornilladores.png"
"mat053","llave_ajustable.png"
"mat054","martillo.png"
"mat055","cinta_metrica.png"
"mat056","escalera_aluminio.png"
"mat057","tornillos_tarugos.png"
"mat058","bombillo_led.png"
"mat059","extension_electrica.png"
"mat060","multitoma.png"
